platform,brand,date,rating,title,review_text,review_url,product_model
"Trustpilot","DeerRun","September 26, 2026","5","I love this walking path","I love this walking path. It‘s small enough to fit in a small space. Plus I get to do it every day","https://www.trustpilot.com/reviews/6ab71aed9e0b2aed7936218c",""
"Trustpilot","DeerRun","September 25, 2026","5","Thank You DeerRun!","I ordered my DeerRun treadmill back in August. Upon arrival and setting it up I ran into a problem w an error code. I contacted customer service and sent them video as well. After their initial review of my concern they had offered me a refund or to send a replacement treadmill. I opted for the replacement, I received that just days later and is working! I love the fact that it is compact for my apartment living. I use the tablet holder and watch my favorite shows! Before you know I’ve walked 1hr! Thank you DeerRun!","https://www.trustpilot.com/reviews/6ab71820d67123a0f95de4bc",""
"Trustpilot","DeerRun","September 22, 2026","5","I really love that I can order this…","I really love that I can order this treadmill on line for a super value and quality of the product. Very great experience with my order.","https://www.trustpilot.com/reviews/6ab6a19f0fdf5740dc92e0ad",""
"Trustpilot","DeerRun","September 25, 2026","5","Superior customer service!","The customer service at Deer Run is amazing. They handled my issue so quickly, providing me with very clear instructions as to how to handle my issue. Very happy customer of TWO walking pads!!","https://www.trustpilot.com/reviews/6ab68f37b6fd6a3fb919f045",""
"Trustpilot","DeerRun","September 25, 2026","5","I love that I can workout at home!","I love that I can workout at home when it works best for me. My treadmill is easy to move, so I am able to multitask or watch my favorite shows or movies while getting my steps in! The accuracy sensor is great and will slow the speed down should you miss step keeping you safe and worry free from falling!","https://www.trustpilot.com/reviews/6ab67a184bfb2c135e6276bd",""
"Trustpilot","DeerRun","September 25, 2026","4","Great","Great! you wouldn’t really be able to tell from the advertised picture but it does need to be plugged in to use and it doesn’t fold like it looks like in the picture where she’s putting it in the couch. I took a star off for lowkey false advertising. It also doesn’t incline if you’re looking for that I know some do. It’s plane Jane and goes up to 3.8","https://www.trustpilot.com/reviews/6ab5ff2d7e1dde4fb3c04c37",""
"Trustpilot","DeerRun","September 24, 2026","5","second hand treadmil","Got a second hand treadmill without the remote. Although I didn’t have an original purchase, support was very helpful in communicating with me, identifying the model, and helping me find another remote. I can’t wait to start using it!","https://www.trustpilot.com/reviews/6ab56e6fd1afa8986262982e",""
"Trustpilot","DeerRun","September 24, 2026","4","I love this walking path","Perfect addition to the work from home office. It functions perfectly & comes with any other thing you may need with it (remote, battery for remote, screwdriver, oil, etc.) It is pretty quiet & very easy to move. Perfect way to get some extra steps in for the day, while being productive!","https://www.trustpilot.com/reviews/6ab4635ee196ce2cd8371ca3",""
"Trustpilot","DeerRun","September 9, 2026","5","Easy Ordering","The ordering process was very user-friendly! The options were many and I think I found the right walking pad for my needs.","https://www.trustpilot.com/reviews/6ab2c4197271e48465981565",""
"Trustpilot","DeerRun","September 21, 2026","4","Nice","I have only had it for 2 days and the only negative thing is having to adjust the belt every 20-30 min as it moves easily and it to difficult to align it.","https://www.trustpilot.com/reviews/6ab1f18e11066006f5d1e9ee",""
"Trustpilot","DeerRun","September 21, 2026","5","Deer Run walking pad","I've been using my Deer Run walking pad for a while now and it's been a great addition to my day. It's quiet, sturdy, and easy to slide out of the way when I'm done. Their customer service was also excellent, quick to respond and genuinely helpful, which made the whole experience even better.","https://www.trustpilot.com/reviews/6ab19e4edcc938a0828f2ab4",""
"Trustpilot","DeerRun","September 21, 2026","5","Impressed!","This little walking pad is perfect for what I needed. Not gonna lie, there were some issues with the belt but customer service was amazing and walked me through it. It’s not a full blown treadmill but it’s great for walking on. The customer service is fast and always there to help! Love it!","https://www.trustpilot.com/reviews/6ab147d7782ac38b2194c37d",""
"Trustpilot","DeerRun","September 19, 2026","5","Bought my walk pad 2 years ago and it’s…","Bought my walk pad 2 years ago and it’s been amazing. Recently my remote was sporadically working, and I emailed customer service to see if I could purchase a new remote. They have been extremely responsive and helpful. It appears I’ll get a new remote in no time!","https://www.trustpilot.com/reviews/6aafefcbd9e3988a7b700ec4",""
"Trustpilot","DeerRun","September 20, 2026","4","Very glad I bought it","Despite not seeing any progress on my order for close to a week, I reached out to customer service email who responded promptly. Relaying that the color I had chosen was not yet available; however, an alternate could ship immediately. Let's face it, the color stripe was not the selling point, and as promised the backup choice shipped the next day. I'm not a small guy. 6'0"" @ 265lbs & my advice to unbox is 'get a friend'. This treadmill is heavy so my fears of unboxing, assembling, testing and returning yet another treadmill to UPS/Amazon was dispelled. Straight out of the box it works, and works well. My only gripe is that regardless of how tight the securing bolts for the arms turned they still have a tendency to drop down in use. Don't cheat and rest your weight on them, but use for balance. Overall, very glad I bought it & would recommend to a friend.","https://www.trustpilot.com/reviews/6aaf645b81217d52ed3ce2aa",""
"Trustpilot","DeerRun","September 19, 2026","5","Very easy ordering process","Very easy ordering process. I was able to utilize my HSA funds with the help of DeerRun and this was immensely helpful! I've only had my walking pad a couple of days yet both myself and my 17 year old son have tried it. Very happy thus far.","https://www.trustpilot.com/reviews/6aaf2a56f6348886f5322cc7",""
"Trustpilot","DeerRun","September 17, 2026","5","A Bumpy Start, But DeerRun Made It Right","My experience with DeerRun started off pretty frustrating. When I first unboxed my treadmill, I noticed that the safety lock was damaged, shortly after, I also discovered an issue with the display. I contacted customer service right away, but the process took longer than I expected, and I had to communicate with several representatives. There were times when I felt like I was repeating the same concerns and waiting too long for a clear resolution. I was especially disappointed because I had purchased the treadmill to conveniently use at home, so I was really looking forward to being able to use it right away. However, I do want to give credit where it’s due. After going back and forth with customer service, DeerRun eventually offered to send me a replacement machine which is the color in pinkI was ordering. I received the replacement in color pink I wanted to order on the first place, and I’m happy to say that the new treadmill arrived and the display is working properly. Overall, the customer service experience could definitely be improved, especially when it comes to response times, communication between representatives, and providing clear solutions from the beginning. But I appreciate that DeerRun ultimately listened to my concerns and worked toward a resolution. I’m glad I finally received a working treadmill. Final thoughts: The product replacement resolved my main issue. I’m happy to finally be able to use my treadmill and hope my future experience with DeerRun will be smoother.","https://www.trustpilot.com/reviews/6aae8f2e92d39eb57e9b0acb",""
"Trustpilot","DeerRun","September 16, 2026","5","Deer Run Treadmill","I bought the treadmill because of limited space and I absolutely love the simplicity of using this product. I can easily move it and fold it to store when not in use. I also really like that it came with the ability to use the pitpat app for workout routines and friendly competitiveness.","https://www.trustpilot.com/reviews/6aab4e30ef3cf41978233c23",""
"Trustpilot","DeerRun","September 7, 2026","1","Customer service is unsatisfactory.","Customer service is unsatisfactory.. I’m unable to assemble desk I ordered.. My package was missing all the screws.. Been getting the run around .. I’m so disappointed","https://www.trustpilot.com/reviews/6aa8ce801be59bfe3d8aad0d",""
"Trustpilot","DeerRun","August 17, 2026","3","Would have preferred SIDE RAILS.","","https://www.trustpilot.com/reviews/6aa7366eecddbe0793e26814",""
"Trustpilot","DeerRun","September 13, 2026","5","Prompt shipping","I received the treadmill quickly and it was free shipping, I have yet to deliver the treadmill as it is a gift which I will deliver this weekend.","https://www.trustpilot.com/reviews/6aa68e7e94031519f036bf08",""
"Trustpilot","DeerRun","August 25, 2026","5","just got my walking pad","","https://www.trustpilot.com/reviews/6aa57635c6a26a6acd21be17",""
"Trustpilot","DeerRun","July 31, 2026","3","I ordered the 12% auto incline walking…","I ordered the 12% auto incline walking pad and was very excited to use it. When it arrived, it was heavier than I expected and required two people to move it around. You need to be careful with the incline though. I may have increased it too quickly and got an error 2 code that I have not been able to resolve. Otherwise it’s been working well for me and is a relatively compact profile.","https://www.trustpilot.com/reviews/6aa53dc0c4f94e8e305f5018",""
"Trustpilot","DeerRun","September 11, 2026","1","Stopped working 40 days later","About 40 days after purchase, the machine stopped working. I got no immediate help from customer. The resolution was to send a video via email to tech and they would respond in 48 hrs. I'm returning this thing asap!","https://www.trustpilot.com/reviews/6aa40a21244d05e7e675a984",""
"Trustpilot","DeerRun","September 10, 2026","5","Great walking pad for home office","Great walking pad for home office, and very helpful support team! Highly recommended!","https://www.trustpilot.com/reviews/6aa3430b145fbfae49d35924",""
"Trustpilot","DeerRun","June 5, 2026","1","If you buy from deerruntreadmill.com…","If you buy from deerruntreadmill.com and you want to return your item within their return window and they offer a giftcare for half the price instead DO NOT TAKE IT. IT IS A TRAP! They dont have many things of value on their sites and their items are cheap and china made.","https://www.trustpilot.com/reviews/6aa33866e5e7ab679622a28b",""
"Trustpilot","DeerRun","September 9, 2026","4","I love my deer run walking pad","I love my deer run walking pad. It’s been super convenient for the days I can’t get out and about. As a stay at home mom, I feel like my activities are limited sometimes. This makes it easier. I also love how easily it folds up and you can move it out of the way. But also, if you don’t want it folded up, it’s still a convenient size to keep in the corner of the room. I have a small living room, and it still fits fine without being in the way. I’d say everything runs well! The app is kinda fun. Gets you up and going and has some games to help your workout. The only thing I do NOT like about it is the sound. Every button push makes a loud beep, and there’s no way to silence it or turn it down. So if you’re hoping to turn it on early in the morning for a quick workout before the kids wake up, hopefully they’re heavy sleepers… because it’s so noisy. That’s the only negative feedback I have though. Otherwise it’s great! :)","https://www.trustpilot.com/reviews/6aa1d083fc7d4f429edaf049",""
"Trustpilot","DeerRun","June 28, 2026","5","Got my own DeerRun Walking Pad","I was so excited to get my own DeerRun walking pad after seeing it so much on my socials. The walking pad arrived in protective packaging and was easy to set up. The app used to track your progress is not my favorite, but you can use the pad without the app. I love that the entire pad is quite light so easy to move around and set up and use quickly. It's been a great piece of equipment both my husband and I have been using.","https://www.trustpilot.com/reviews/6aa1abecff3925e0493ec94b",""
"Trustpilot","DeerRun","September 9, 2026","4","DeerRun Q2 Urban 7% Incline Walking Pad","I purchased the DeerRun Q2 Urban 7% Incline Under-desk walking pad. I bought this so I could be more active when the weather is extreme. This has been perfect for that. With its wheels on one side of the walking pad, it easily rolls under my bed for efficient storage. It is the perfect size for my small bedroom. I use this almost everyday and it has been great. It has a variety of speeds and an incline option. The only concern I have about my walking pad is the remote connection. After using it for the first time, the wrist attachment loop fell off the remote. There was also never a way to adjust it to your wrist. I also experience issues with the buttons not working, I have to click or hold the button about 10-20 times before it actually works to the walking pad. It has a new battery and it’s very frustrating trying to easily change speeds without having to spam the buttons so much. I wish the remote was made with higher quality.","https://www.trustpilot.com/reviews/6aa19b6510f43e8d0a952d2a","Q2 Urban"
"Trustpilot","DeerRun","June 29, 2026","5","Nice treadmill and experience","So far my experience with this company has been well. Shipping was super fast. Easy to install and very light weight unlike other treadmills. We will see how much it will last but for the price I'm not complaining. I would order from them again.","https://www.trustpilot.com/reviews/6aa193ce07440143e11a6520",""
"Trustpilot","DeerRun","January 1, 2026","5","Came fast and easy","Came fast and easy! Love this little treadmill. Fits perfectly underneath my bed so it’s easy to store and hide. Only think I wish it has was incline","https://www.trustpilot.com/reviews/6aa1938a7f0bcf1f3cbb0a35",""
"Trustpilot","DeerRun","September 9, 2026","4","Easy to order/easy to put together and it works for us.","Easy to order, it is not huge, came fairly quickly and was fairly easy to set up. The treadmill deck is shorter than what we had expected. We adjusted our walking strides to accommodate the shorter than expected deck. The display console constantly switched between distance, time and steps and calories. Which is OK, but we did not care about the steps and calories. The two rails that you hold onto were not comfortable with all of us that used the treadmill. One of us had to hold on to the console itself. It works. It is quiet. It was not expensive. It is very usable. However it is not as heavily built as our prior treadmill. The old one was a nightmare to put together, this one was not. Our DeerRun US --is very useable and did not cost a huge amount. So far we are satisfied with our purchase.","https://www.trustpilot.com/reviews/6aa19374f50715dda2a8f151",""
"Trustpilot","DeerRun","February 13, 2026","5","Let me just say I am so happy that I…","Let me just say I am so happy that I invested in 2026 New A6 Plus Handle 5% Incline 2 in 1 Foldable Treadmill. The set up is super easy and the maintenance is quick and fairly easy which I like. Definitely fits under a couch or bed as long as it has room to fit. Also sits up against the wall if needed. The only thing I was meh about what the separate app which was a game but competing with others the Bluetooth would always drop and would reconnect unless I powered on and off which took away from my recorded progress. So I don’t use that feature anymore. Occasionally having to adjust the belt due to it going to one side Otherwise everything about the treadmill works like a charm.","https://www.trustpilot.com/reviews/6aa18ed97972c184529f3f98","A6 Plus Handle 5% Incline 2 in 1 Foldable Treadmill"
"Trustpilot","DeerRun","August 13, 2026","5","Quick delivery, easy pay options, great product!","I didn’t require any customer service, the check out process was straight forward and simple. And I was able to use shop pay to break up my payments! I received my A1 pro quickly, set up was easy and I’m enjoying using it in the mornings and evenings. It’s quickly become a part of my routine.","https://www.trustpilot.com/reviews/6aa18b4a372be7c89a8f7a9f","A1 Pro"
"Trustpilot","DeerRun","September 9, 2026","5","The absolute best!","I now own 2 DeerRun products and I love them both. I upgraded from the walking pad to the treadmill earlier this year. I use it daily. It’s really easy to bring it out for use and then fold it back up when I’m done. The app keeps you engaged so it’s more of a game challenging you to keep going. By far one of the best purchases I made for my home gym.","https://www.trustpilot.com/reviews/6aa18a189ec9468078379ea3",""
"Trustpilot","DeerRun","June 10, 2026","4","Works great we have put around 500…","Works great we have put around 500 miles on it so far. The cover was damaged on arrival was a down star and when using the floor mat it makes a lot of static electricity. Overall very satisfied for the price we paid.","https://www.trustpilot.com/reviews/6aa1800c76bb0078d3351ef0",""
"Trustpilot","DeerRun","July 15, 2026","3","Bad advertising","I had a terrible experience purchasing my treadmill. I ordered the treadmill I wanted at the hot item price. My receipt and order all confirmed the treadmill as my purchase. I was sent a walking pad instead and was told that I had to pay additional money to get the treadmill I wanted. Very frustrating because I feel like it was a mistake on their end. A very misleading advertisement. I do like my treadmill though and it is very convenient to have at home. It would not be convenient for a taller person to use though. Perfect size for me only being 5 feet tall.","https://www.trustpilot.com/reviews/6aa17e62387fcead297b2599",""
"Trustpilot","DeerRun","July 30, 2026","3","The treadmill itself is alright","The treadmill itself is alright. I wouldn’t say it’s great for anything more than walking. It is so hard to align this treadmill and it feels like I have to readjust it every-time I use it even though it stays in the same place. I will say the customer service is awesome. They did send me a replacement when my first one went far right and messed the belt up before use. So I will give them that a","https://www.trustpilot.com/reviews/6aa176d1ac2f75bf705d8550",""
"Trustpilot","DeerRun","February 1, 2026","2","Great the first 4 months…then","For the first 4 months, my experience was great. However, I started having trouble with the belt shortly after that time despite keeping it lined and adjusting it. The belt eventually stopped working all together. I did all the steps they told me to do to fix it based off the error code and it still will not work.","https://www.trustpilot.com/reviews/6aa173d113cd01078555b741",""
"Trustpilot","DeerRun","August 28, 2026","1","Complete Mess From the Start","The buying process was easy and shipping was fast. Right out of the box this thing gave me fits and support was no help. The tread would wobble until it warmed up and if used for more than 20 minutes there would be a hot/burning odor. The screws/knobs that allowed it to fold were wonky and it would either get stuck open or, even at its tightest not lock into place. The thing finally quit working and was past warranty with an error code of “replace motor”. I probably should have returned it from the start. I dropped it at the junkyard 2 days ago.","https://www.trustpilot.com/reviews/6aa1702d58655acd17deea74",""
"Trustpilot","DeerRun","September 9, 2026","5","Shipping was fast","Shipping was fast! It was very easy to put together! I love it my deer run treadmill , the best fitness decision I ever made.","https://www.trustpilot.com/reviews/6aa16cd88d9f7d9c56b07cef",""
"Trustpilot","DeerRun","August 12, 2026","1","Have been trying to return a treadmill…","Have been trying to return a treadmill for over a month . Customer service both through email and phone have been horrific. Have told me numerous times that have arranged for a pickup, call FedEx and no pickup has ever been scheduled .","https://www.trustpilot.com/reviews/6aa16ac1bee0744fb0dd8c5f",""
"Trustpilot","DeerRun","July 24, 2026","2","I purchased DeerRun walking pad/…","I purchased DeerRun walking pad/ treadmill and am just satisfied with it. I reached out to customer service a few times inquiring about exchanging it bc I need a longer pad as I have long legs and the one I purchased is too short but I never got a response.","https://www.trustpilot.com/reviews/6aa1699d514d67f6906f80fb",""
"Trustpilot","DeerRun","September 9, 2026","4","Easy to use","Easy to use. Nice size for moving & storage. Took a bit to adjust belt.","https://www.trustpilot.com/reviews/6aa16853d80a8ada4f41f804",""
"Trustpilot","DeerRun","September 7, 2026","5","Processing and Delivery","DeerRun was a great experience with ordering and delivering. They did a great job with keeping me posted on the processing and the expedient delivery every step of the way. The walking pad looks great , have not tried it out yet. Great emails sent in how to maintain and take care of the pad, very informative.","https://www.trustpilot.com/reviews/6aa02f3bebcaacdb9c14079d",""
"Trustpilot","DeerRun","September 7, 2026","5","Order","Order, Delivery, and set up was seemless and easy. When a part broke past the 1 year warranty, they were able to assist me quickly and efficiently in the replacement needed to get going again. Customer Support was top notch!","https://www.trustpilot.com/reviews/6a9e8dd9da1ef30fff817c26",""
"Trustpilot","DeerRun","September 3, 2026","5","The ordering was easy","The ordering was easy, the product excellent, but I had trouble with the app getting it registered before I could use it. I called customer service which was trying to help, but not being a computer person, it was not much help. It would be easier if the registration page wasn't so hard to find. Otherwise, very satisfied","https://www.trustpilot.com/reviews/6a9b2beeef959ffd5f85e9bb",""
"Trustpilot","DeerRun","September 1, 2026","5","Placing an order was a breeze","Placing an order was a breeze. My walking pad arrived within 3 days and was easy to set up and Ive used it several times already!","https://www.trustpilot.com/reviews/6a96ff2baec90ab7b2c0617c",""
"Trustpilot","DeerRun","September 1, 2026","1","Treadmill does not connect to fitness…","Treadmill does not connect to fitness apps as advertised. I have tried to return and not been given any way to return it","https://www.trustpilot.com/reviews/6a96f07bb0a66cdfda1dcfc7",""
"Trustpilot","DeerRun","August 25, 2026","5","Unboxing","Unboxing, the unit was easy & the only criticism i have about putting it together was the tightening of the columns they seem flimsy. But overall I really like it so far .including the app is interactive & motivating.","https://www.trustpilot.com/reviews/6a930e0c5769655960154b13",""
"Trustpilot","DeerRun","August 26, 2026","4","Just received","Assembly was easy, directions were clear. I’ve only had it for a day and it was easy to use. I’m not sure if I will use the PitPat app.but we will see.","https://www.trustpilot.com/reviews/6a90cfc9961a283a8dd2e73d",""
"Trustpilot","DeerRun","August 22, 2026","5","It was exactly as described","It was exactly as described","https://www.trustpilot.com/reviews/6a8a1b77a498a61d5e0a318c",""
"Trustpilot","DeerRun","August 20, 2026","1","Disappointing Customer Service and Unresolved Return","Disappointing Customer Service and Unresolved Return I’m sharing my experience because I would strongly encourage potential customers to think carefully before purchasing a treadmill or other exercise equipment from this company. When my treadmill arrived, the shipping box was extremely damaged, to the point that the treadmill was partially exposed and hanging out of the packaging. Given the condition of the shipment, I was understandably concerned that the equipment could have been damaged and that keeping it could become a liability. I contacted customer service to request a return, and after numerous emails and a lengthy back-and-forth, the company eventually agreed to accept the return. However, the situation became even more frustrating. The company then offered me an alternative: I could return the damaged shipping box and receive a new, undamaged box, keep the treadmill, receive a 20% discount, and receive a $200 gift card. I agreed to those terms in good faith because I was willing to resolve the situation without returning the treadmill. After I agreed to those terms, however, I was unable to reach the company by phone because my number was apparently blocked, and instead I received a return shipping label. I have continued sending emails trying to clarify the situation, but I have not received a meaningful response. To make matters worse, I also purchased additional items along with the treadmill, and I have been told that those items cannot be returned for a refund. Since those products were purchased specifically for use with the treadmill, I find that position extremely disappointing and unreasonable under the circumstances. At this point, I am not asking for anything unreasonable. I simply want the company to honor the terms that were offered to me, communicate with me directly, and provide a fair resolution. To anyone considering purchasing from this company: please do your research and consider my experience before placing an order. The product itself may be one thing, but when something goes wrong, customer service and accountability matter just as much. In my experience, getting a straightforward resolution has been unnecessarily difficult and incredibly frustrating. I hope the company sees this review and contacts me so we can resolve this professionally. I am still willing to reach a reasonable agreement, but I need someone from the company to actually communicate with me and follow through on the terms that were offered. Update: I will gladly update this review if the company contacts me, resolves the issue fairly, and follows through on the agreement that was offered.","https://www.trustpilot.com/reviews/6a889a13d3f409c905091801",""
"Trustpilot","DeerRun","August 20, 2026","5","Just started training on my treadmill…","Just started training on my treadmill and I’m enjoying the fact that I can train inside because it’s blazing hot outside. From what I can tell the machine is well built and I should get a lot of mileage out of it. The app that comes with it is a little bit pushy about subscribing and needs to be more user friendly and downsized on the amount of information on it. Other than that I feel I made a great decision to go with DeerRun.","https://www.trustpilot.com/reviews/6a87442fbb96eca02c566c36",""
"Trustpilot","DeerRun","August 13, 2026","1","Defective Product","My product was defective and they did not make the situation right and so I was left with a nonworking bike that I paid for. I requested a way to return the bike at least 10 times and they ignored me each time. Every time I left a review on their website, they deleted it because it was a negative review. Do not go by their website reviews. I put in a complaint with the BBB, hopefully that goes somewhere.","https://www.trustpilot.com/reviews/6a871c93b872f03bfda6c219",""
"Trustpilot","DeerRun","August 18, 2026","4","So far so good","Took a while to get the treadmill but it appears to run well. It is a bit noisy starting up and there’s a bit of static shock as well. I am hoping that lubing the belt helps with this or I may need a rubber mat under the treadmill. The handles shake a bit when the treadmill runs at a higher rate - hoping that isn’t an issue. I do like the incline feature. I am hopeful this treadmill lasts a while.","https://www.trustpilot.com/reviews/6a86410b711e40d116bbb036",""
"Trustpilot","DeerRun","August 17, 2026","5","Equipment seems to be sturdy and rugged enough for home use","Description of rower is exactly as described. easy assembly all tools included and equipment is not complicated to use. I have size 13 sneakers and accomidates that size foot comfortably. Wife wears size 7 womens, footrests allow straps to adjust over any size foot with ease. Impressive peice of equipment for the price.","https://www.trustpilot.com/reviews/6a84c37d5d923e7e515c8d4f",""
"Trustpilot","DeerRun","August 18, 2026","5","Best treadmill around!","I love how compact it is but still big enough almost like a regular size treadmill! I love how it tracks my steps and the incline is bomb.com I get a really great workout each time!","https://www.trustpilot.com/reviews/6a8443e3422f681b9ceb87a4",""
"Trustpilot","DeerRun","August 16, 2026","5","The treadmill is just the right size…","The treadmill is just the right size for me. I am very pleased.","https://www.trustpilot.com/reviews/6a8230bdbcfa19536156f014",""
"Trustpilot","DeerRun","August 12, 2026","5","Very well packaged and easy to set up","Very well packaged and easy to set up. Folds easily and stores well under the bed. Great for walking indoors when the weather doesn’t permit outdoor workouts. Thank you!","https://www.trustpilot.com/reviews/6a80b42bf73be0cf82ea553f",""
"Trustpilot","DeerRun","August 11, 2026","4","The ordering process was easy","The ordering process was easy, shipping was super quick. Unboxing was easy. The whole registration part was tricky and confusing with downloading the app and connecting to the app. The big issue was that I did not receive the floor mat that was supposed to accompany the treadmill and the order screen indicated a floor mat was included and free.","https://www.trustpilot.com/reviews/6a7faafec9ef99a74670d066",""
"Trustpilot","DeerRun","August 13, 2026","5","The product came really quick and the…","The product came really quick and the setup was extremely easy. This was a gift for my wife and she loves it.","https://www.trustpilot.com/reviews/6a7e68ac67cc30e751a39eb8",""
"Trustpilot","DeerRun","August 9, 2026","5","I love my Deer Run","I love my Deer Run. It runs very quietly and is easy to use. Perfect size for my home. I have tried it several times and look forward to enjoying it more","https://www.trustpilot.com/reviews/6a7b2c4e205f692254751905",""
"Trustpilot","DeerRun","August 5, 2026","5","Quiet & perfect size!","I couldn't get it started so I called customer service..& got it resolved & now it's running great. I can't believe how quiet it is ....so far I'm really impressed.....good purchase!","https://www.trustpilot.com/reviews/6a76654f0c7025518ce2394a",""
"Trustpilot","DeerRun","July 27, 2026","1","SO SO SO DISAPPOINTED!!","SO SO SO DISAPPOINTED!!! TWO YEARS AGO GOT A WALK PAD NO ISSUES NOW JUST BOUGHT ANOTHER AND IT ARRIVED DAMAGED AND THE HANDRAIL IS WARPED AND THE CUSTOMER SERVICE IS THE WORST I WILL BE DISPUTING THE CHARGES ON MY CARD BC ALSO MISSING TOOLS!! NO RESOLUTION STILL AND THEY ARE TOTALLY DISORGANIZED AND IM SO SICK AND TIRED OF AI AND CALL CENTERS IN PHILIPPINES BC THEY HAVE NO WAY TO FIX ANY PROBLEMS. BUY ELSEWHERE NOW. UPDATE: THEY IGNORED MY 20 EMAILS CALLS AND MESSAGES AND SO THE FULL AMOUNT OF THE CHARGE HAS BEEN DISPUTED. WORST CUSTOMER SERVICE EVER!!!!! ITS ILLEGAL TO SELL DAMAGED DEFECTIVE ITEMS AND IGNORE A CUSTOMER. THEY DID NOT RESOLVE THE ISSUE JUST KEEP PASSING THE BUCK IN THE PHILLIPEANS OVER AND OVER UPDATE: IT TOOK A MONTH TO RESOLVE THE ISSUES - I DISPUTED THE FULL CHARGE WITH MY CREDIT CARD, DEMANDED A REFUND FOR THE DEFECTIVE HANDLE BAR AND MISSING TOOLS- GOT THEM BOTH BUT ABSOLUTELY WILL NOT RECC THIS COMPANY TO ANYONE WORST CUSTOMER SERVICE EVER!!!","https://www.trustpilot.com/reviews/6a73706d14421f186aa626b8",""
"Trustpilot","DeerRun","August 4, 2026","1","Very bad experience with the item","Very bad experience with the item, sent a damaged item, means it wasn’t checked before sending. It also looked returned before because the box was taped many times. It is so far a very long waiting to return this damaged item with shipment protection I purchased as well. It seems very hard for them to send a shipping label.","https://www.trustpilot.com/reviews/6a727cb7641d328f2eca1e0c",""
"Trustpilot","DeerRun","August 4, 2026","4","Easy to put together ive been using it…","Easy to put together ive been using it almost everyday. It came fast in the mail","https://www.trustpilot.com/reviews/6a720fcee5159a590303cf0a",""
"Trustpilot","DeerRun","July 28, 2026","5","Great website","Great website, good price. Fast shipping. So far my walking pad has met my expectations and needs.","https://www.trustpilot.com/reviews/6a6f811b39b7cd23b9baed1b",""
"Trustpilot","DeerRun","August 1, 2026","5","Customer service was great","Customer service was great! They went above and beyond, quickly responded to my email and found a solution!","https://www.trustpilot.com/reviews/6a6d9f681e6f42d202367235",""
"Trustpilot","DeerRun","July 30, 2026","5","Very fast and efficient when answering…","Very fast and efficient when answering my emails. Thank you so much. The walking pad replacement from the warranty went smooth once I get it. I will be back to my exercise routine","https://www.trustpilot.com/reviews/6a6d0f96a76da3be993a24e7",""
"Trustpilot","DeerRun","July 31, 2026","1","I spent $400 and received a treadmill…","I spent $400 and received a treadmill and a standing desk. I love the treadmill but the desk was $100 of the purchase and arrived completely damaged. They offered me a $10 refund (laughable) and kept asking me to assemble the desk to make sure it worked. They couldn't quite understand why I didn't want to spend my time assembling a damaged desk. I will be taking it up with my credit card.","https://www.trustpilot.com/reviews/6a6c9fb21a14213357fb5522",""
"Trustpilot","DeerRun","July 24, 2026","5","I love my purchasing experience with…","I love my purchasing experience with Deerrun. The website was easy to use and my treadmill got here super fast!","https://www.trustpilot.com/reviews/6a6791d9d10520eef17d9b62",""
"Trustpilot","DeerRun","July 26, 2026","1","I order a A6 walking pad/treadmill…","I order a A6 walking pad/treadmill haven't received it yet based on the timeframe it was given. Time came and went so I called customer service and they told me when I placed the order it was in stock now it's not.I asked why wasn't I notified that it became out of stock and why didn't it ship when it was in stock and I placed the order.I was told its back in stock now and we will expedite,I said those are you standard delivery time frames that is not expediting anything amd furthermore why wasn't I notified that my item became out of stock so I can try somewhere else instead of waiting 10 days to get a answer and if I didn't call I wouldn't no anything....THAT IS BAD BUSINESS PRACTICE","https://www.trustpilot.com/reviews/6a661434cd5644bd30612508","A6"
"Trustpilot","DeerRun","July 24, 2026","1","Unsafe $272 treadmill treated as…","Update — August 15, 2026: DeerRun’s public reply asked me to provide my order number and email address, although I had already supplied both, together with videos, photos, the serial number, and the full case history. After further escalation, DeerRun shipped a replacement treadmill at no cost and stated that it is brand-new and covered by a new one-year warranty beginning on delivery. This is a meaningful step, but it came only after repeated emails and public escalation. I am keeping my rating unchanged until I inspect and test the replacement for safe and reliable operation. I will update this review again with the final outcome.","https://www.trustpilot.com/reviews/6a66033e003c80403887d694",""
"Trustpilot","DeerRun","July 22, 2026","1","Deer Run's 1-year Warantee is a sham and you cannot buy replacement parts - Machine bought May 2025 died 8 months in","We bought the machine May 21 2025. In March 2026 we noticed a large amount of black grit from the machine, and wrote to them a request for technical support. The answers seemed to be from a bot, as it kept on asking the same questions over and over. I finally picked up the phone to follow-up and was told that the 1-year waranty is over and they will do nothing. I spent $400 on the machine and it was less than 1 year old. I bought it directly from the Deer Run website. It was the DeerRun Q1 Urban Under-Desk Treadmill 265 Lbs Capacity with Remote Control. I am pretty technical, so I opened it up and realized I just need a replacement flywheel. I was given this response from the company when I asked to order a replacement: ""Unfortunately, we do not sell replacement flywheels. Upon checking our system, we also found that your machine is already out of warranty.""","https://www.trustpilot.com/reviews/6a650f8235e50ccb5ba07717","Q1 Urban"
"Trustpilot","DeerRun","July 21, 2026","1","What a joke","What a joke. Husband bought one and we have been having issues with the machine cutting off mid workout. Its not like it just slows down to a stop it just abruptly stops. I am afraid it will hurt him. After emailing customer service I FINALLY got someone on the phone who told me to email AGAIN. We did. Save yourself the hassle and don't buy this product. I trust gas station sushi more than I trust this company","https://www.trustpilot.com/reviews/6a60355643bb489a4a92c038",""
"Trustpilot","DeerRun","July 11, 2026","5","It was super easy to check out and the…","It was super easy to check out and the shipping was pretty fast.","https://www.trustpilot.com/reviews/6a5e11bc7a288a77e4375ce5",""
"Trustpilot","DeerRun","July 17, 2026","4","Beautiful product, but noisy","Product was delivered timely and it looks beautiful. I will say it doesn’t get 5 stars because it is much noisier than anticipated.","https://www.trustpilot.com/reviews/6a5a798c65ea65b0aa58c5f2",""
"Trustpilot","DeerRun","July 17, 2026","1","Horrible","Horrible, it doesn't work. I have not been able to use it.","https://www.trustpilot.com/reviews/6a5a3de7892d0f4e22b016d7",""
"Trustpilot","DeerRun","July 15, 2026","5","Quality, attention to detail…","From the time the order was placed until arrival frequent communication from DeerRun kept me updated on the status. No significant issues arose while set up and the first time use exceeded expectations. From the placement and materials used for the handles to the whisper quiet motor, this machine is a joy to use.","https://www.trustpilot.com/reviews/6a57a7ddd93dbfe0a1be0a47",""
"Trustpilot","DeerRun","July 11, 2026","3","Got the wrong item delivered","Got the wrong item delivered. After contacting customer service about the issue, I was asked to email email instead of helping me over the phone.","https://www.trustpilot.com/reviews/6a55741ebc1fe858451ef611",""
"Trustpilot","DeerRun","July 8, 2026","1","Terrible customer service","Terrible customer service. My treadmill faulted 2 Error codes they told me to dispose of the treadmill and they would ship a new one haven’t got nothing and they won’t reply to my messages for a refund they are cons and crooks.","https://www.trustpilot.com/reviews/6a5434700498f38755eb2baa",""
"Trustpilot","DeerRun","July 11, 2026","4","I did not receive the safety key!!","I did not receive the safety key!!! I searched in every crevice, but no safety key. Could I get one?","https://www.trustpilot.com/reviews/6a526483b67574887c5b6135",""
"Trustpilot","DeerRun","June 28, 2026","5","Setting it up was a little more complicated than I thought it would be. It’s a good height for me at 5’3”. It’s set up in my LR, so I can use for short periods, multiple times per day.","Ordering & shipping were both great.","https://www.trustpilot.com/reviews/6a4593b22c06716753b98ebf",""
"Trustpilot","DeerRun","June 20, 2026","5","Fits perfectly inside.","","https://www.trustpilot.com/reviews/6a3bf29f513432d0da6c37f7",""
"Trustpilot","DeerRun","June 20, 2026","1","Horrible experience","Horrible experience, i received a used treadmill that was missing parts in an open box. Customer service was awful. I will be sharing my experience in social media and with anyone that asks me about DeerRun. I pain over $400.00 for something i cant use and now have to spend time on trying to resolve DeerRun's mistake. Very disappointed and will be contacting the B&B if this is not resolved. Horrible company.","https://www.trustpilot.com/reviews/6a3a946fad2d1cf62555e3c3",""
"Trustpilot","DeerRun","June 18, 2026","4","The buying experience was relatively…","The buying experience was relatively easy and shipping was fast. I wish the website was clearer on the description as far as the visible display. That is the one thing that was important to me and it was not as I expected. The unit is fine and quite.","https://www.trustpilot.com/reviews/6a3a65ddb7e441c7252e3a58",""
"Trustpilot","DeerRun","June 21, 2026","5","Fast shipping","Fast shipping, easy set up thus far and I’m able to start back jogging after an injury a couple of months ago. Look forward to seeing what the incline will do!","https://www.trustpilot.com/reviews/6a38646204820f3a764b1778",""
"Trustpilot","DeerRun","June 16, 2026","5","The site is very user friendly","The site is very user friendly. It was easy to place my order","https://www.trustpilot.com/reviews/6a38565576eb969a31eacbf7",""
"Trustpilot","DeerRun","June 18, 2026","4","I think your product is amazing","I think your product is amazing, well built and was shipped quickly without any problems. The only problem I had was centering the belt. It's a little confusing.","https://www.trustpilot.com/reviews/6a36db270fbd17eea96fe8fb",""
"Trustpilot","DeerRun","June 16, 2026","1","Customer service is the ABSOLUTE WORST!","Product Broke and Customer service is the absolute worst!!!! I wish I could give 0 stars. I called and spoke with someone several times and emailed a dozen times. I feel like I am in the twilight zone. They talk in circles, and wont answer/help with the current issue. I asked to speak with a supervisor multiple times and was always told one is not available. I wish I can post all my emails and their ridiculous responses. I think they try to frustrate you so badly that you will just give up. PLEASE DO NOT BUY FROM THIS COMPANY!!! EDIT: Order # DR446796 I spoke and emailed with the ""After Sales Team"" many times. Hope you can find me someone that will actually help. ***email addresses are not allowed in posts -- please reveiw my email address on my order and reach out to me. Although I prefer a phone call which my phone number is also on the order. I will edit my review if anything is resolved or if I even hear from them. If this is not edited again, I have not been helped.","https://www.trustpilot.com/reviews/6a32c432a59a5aab44e7adbc",""
"Trustpilot","DeerRun","June 1, 2026","5","This treadmill is PINK and so easy to…","This treadmill is PINK and so easy to use. I Love everything about it!!! It is so nice that I don't take it down when I am not using it.","https://www.trustpilot.com/reviews/6a31dc530a8a88466e13bd37",""
"Trustpilot","DeerRun","June 13, 2026","5","Love it","Love it! Fits perfectly under my standing desk. Getting my steps in for the day in 1 hour. Definitely get the mat that goes under it if you have carpet it does get warm.","https://www.trustpilot.com/reviews/6a2da5a44859a6ce0e83052f",""
"Trustpilot","DeerRun","June 4, 2026","1","I received the treadmill with some…","I received the treadmill with some broken parts and sent photos as evidence. I just wanted to replace the three broken pieces, but instead of sending me new ones, they are offering me $10. None of the parts cost $10.","https://www.trustpilot.com/reviews/6a2b7d14a3ec45e6b39786fa",""
"Trustpilot","DeerRun","June 9, 2026","5","It’s such a great functional treadmill","It’s such a great functional treadmill. I’m a jogger so I probably shouldn’t have gotten a bigger one, but once I pay this off, I’ll get the bigger one. I’m really glad I got it.","https://www.trustpilot.com/reviews/6a28311a3e123967cf2d4e00",""
"Trustpilot","DeerRun","June 6, 2026","3","Undocumented Password Lock Turned Setup Into a Headache","I really like the treadmill itself. It fits perfectly in my space, feels solid, and has the features I was looking for, including auto incline, handrails, and a compact footprint. My issue is with the setup process and documentation. The treadmill arrived with a notice stating: ""Your treadmill is currently unable to start properly because you have not yet activated your warranty benefits."" This wording made it sound as though the treadmill required activation before it could be used. The QR codes directed me to the PitPat app. I downloaded the app, but decided I did not want to create an account and provide personal information simply to use a treadmill. When I powered up the treadmill, the display showed ""LOC-d"" and would not run. There was no mention anywhere in the manual, quick-start guide, or setup materials that the treadmill ships password protected. I contacted support and was initially sent instructions for a different treadmill model that uses a remote control, even though my treadmill does not have a remote. After a phone call, I finally learned that the treadmill was password locked and had to be unlocked using a button sequence that is not documented anywhere in the materials provided with the treadmill. Once unlocked, the treadmill worked properly. DeerRun should clearly disclose that the treadmill is password protected and provide the unlock instructions in the manual. The warning notice about warranty activation only added confusion and made it appear that customers needed the PitPat app in order to use the treadmill. The treadmill itself is very nice. The documentation and onboarding process need significant improvement.","https://www.trustpilot.com/reviews/6a271177052dc80dc80fd3cc",""
"Trustpilot","DeerRun","June 4, 2026","5","Good little treadmill","For the price point, it is a good walking pad/treadmill. I didn't want anything high-end and wanted to be able to move it easily to other locations. Set-up was quick and the instructions were easy to follow. You need to download the app to use it, which is fine since everything is online. All necessary tools were provided. It was made clear that Customer Service was available if you needed it.","https://www.trustpilot.com/reviews/6a256bb1494b8fff250c18f5",""
"Trustpilot","DeerRun","June 2, 2026","1","Customer service is horrible","Customer service is horrible! I have tired to cancel an order I made with this company for over a week now. I ordered the incorrect item and sent an email on the same day of the order to explain id like to cancel because I ordered the incorrect item. This company has tried everything under the moon and stars to get me to keep my order. I’ve declined each time and then they come back asking again. I will never in life purchase anything from this company ever again. It shouldn’t take a week to cancel something you don’t want and as of right now my order still isn’t canceled. 😡","https://www.trustpilot.com/reviews/6a1f430f2fb58abae2d255f8",""
"Trustpilot","DeerRun","May 22, 2026","1","Z10 Pro Muse - Defective","I purchased a DeerRun Z10 Pro Muse treadmill directly from DeerRun's website on May 17, 2026. The order was delivered on May 23 after I had to proactively call customer service just to get shipping information. The package arrived with torn cardboard and broken styrofoam packaging. While the treadmill itself appeared undamaged, the experience immediately raised concerns about quality control. Unfortunately, the bigger problems started after setup. The two most important safety and usability features did not work right out of the box: • The safety key/latch did not function at all. • The top control panel was completely dead with no lights or display. I contacted customer support and was asked to provide video evidence, which I sent immediately. Instead of helping troubleshoot or diagnose the issue, support initially told me they would send a replacement and that I would not need to return the defective unit. The very next day, I received a contradictory email stating that I would have to return the treadmill before receiving a replacement. This inconsistency was extremely frustrating and significantly reduced my confidence in the company. I followed up again on May 31 seeking clarification and received no response. On June 2, I called customer support again and requested a full refund along with return instructions. As of the time of writing this review, I am still waiting for the promised follow-up email and return instructions. My biggest disappointment is not that a product arrived defective—manufacturing defects can happen with any company. The real issue is the lack of consistent communication and the confusing, contradictory responses from customer support. At this point, I cannot recommend DeerRun based on my experience. I hope the company resolves this refund promptly and improves both quality control and customer service processes.","https://www.trustpilot.com/reviews/6a1f2380c5cf2a13ceadc06a","Z10 Pro Muse"
"Trustpilot","DeerRun","June 1, 2026","5","Satisfied!","This treadmill is exactly what I was looking for. Small (Space saver) easy to set up and very functional for my running needs!","https://www.trustpilot.com/reviews/6a1ef0d3aff049da5bc32bea",""
"Trustpilot","DeerRun","May 30, 2026","4","It’s great","It’s great. I would’ve given five stars but then that would mean it’s perfect and has no room for improvement. It actually gets the job done and I do love using it.","https://www.trustpilot.com/reviews/6a1ad56946857f91d03a3d09",""
"Trustpilot","DeerRun","May 27, 2026","5","Extremely satisfied.","Ok, so besides getting almost $150 off, it also arrived 2 days earlier than it had estimated. The product is amazing. I was honestly really worried about track issues and having to constantly adjust it. I haven't had an issue yet. I think it's about how you walk on it though. I faced it perpendicular to how I usually use it (so sideways) and I was having CONSTANT track issues. So I recommend just figuring out different positions if you're having this issue.","https://www.trustpilot.com/reviews/6a1741e2265fd90608bd507d",""
"Trustpilot","DeerRun","March 30, 2026","5","Very happy with this treadmill","Very happy with this treadmill! I use it every day and the incline and speed both work great. The only minor downside is that the buttons are a little loud, but it’s nothing unbearable or a deal breaker. I’m really glad we purchased it. It’s also compact and not bulky, which is a huge plus.","https://www.trustpilot.com/reviews/6a158c9b28385762419aeb08",""
"Trustpilot","DeerRun","May 22, 2026","1","This has been the absolute worst…","This has been the absolute worst experience I’ve ever had with online retail. I spent over three hours on the phone with customer service to get a 10% compensation on damage to the product that occurred when it was being transferred over and each portion of the three phone calls that were required were more difficult than last. You should be ashamed of yourselves.","https://www.trustpilot.com/reviews/6a109227c4cbcb94677e1a5b",""
"Trustpilot","DeerRun","May 18, 2026","5","The rep was knowledgeable and we got…","The rep was knowledgeable and we got the job done quickly.","https://www.trustpilot.com/reviews/6a0ce84ffaedd15e86b46952",""
"Trustpilot","DeerRun","May 14, 2026","3","Good but needs help","The walking pad was. Good investment. I purchased 2 (one for me and one for my husband), but the remote control for my walking pad is operating both mine and my husband’s. So if I want to speed up, he ends up having to speed up if I stop and he wants to keep going, he would have to turn on the machine again. I also used the app and have a great Wi-Fi and Bluetooth connection. However, when I went to pause on the app, it did not stop and I was going significantly fast, which was scary because I could’ve fallen. Overall, the concept and idea is good, but some of the features need help. I would give it 3.5 stars.","https://www.trustpilot.com/reviews/6a0a2726c8119b837771b880",""
"Trustpilot","DeerRun","May 11, 2026","3","Everything went well but the remote…","Everything went well but the remote control's display doesn't work. Order# DR446467.","https://www.trustpilot.com/reviews/6a0892c9b7c8f86dde1e6ad6",""
"Trustpilot","DeerRun","May 12, 2026","2","The machine had black smudges on the…","The machine had black smudges on the side railings and there is a noise that occurs on the right side of the walking pad when in use at 2.0mph. I have now used four days in a row and the sound has only gotten louder. At the price point I expected more.","https://www.trustpilot.com/reviews/6a063e2eb1854c994700b2d3",""
"Trustpilot","DeerRun","May 12, 2026","4","So far so good!Only had the chance to…","So far so good!Only had the chance to use it once since getting it delivered this past Saturday! Love having the 6% incline!","https://www.trustpilot.com/reviews/6a03b859eaf0f0de5685ffc7",""
"Trustpilot","DeerRun","May 8, 2026","5","Your customer service representative…","Your customer service representative was very helpful and extremely nice.","https://www.trustpilot.com/reviews/6a021c262c71d64b1a9ad604",""
"Trustpilot","DeerRun","May 7, 2026","5","Fast Setup, Smooth Walks—Highly Recommend!","I bought this for a few reasons. Mainly because while I love walking outdoors- especially the fresh air and changing scenery, time and weather don’t always cooperate. I am a little surprised how much I've grown to enjoy walking/running indoors on a pad. I typically shoot for 4-6 miles a day and it can feel a little monotonous being on a walking pad. However, if you put on your favorite comfort show or listen to music (my go-to), the boredom melts away and time flies. The shipping was speedy and the packaging was very well done and secure. It took about 10 minutes to set up between getting it out of the box and downloading the app to get started. I did see comments about it being squeaky, which is what made me hesitate for a bit before purchasing. I did play around with it to start and noticed a squeak if I got too close to the rear roller. It seems very well put together and sturdy. I don't think the app is super user friendly; it kind of has a lot going on. However, I feel it's fairly easy to get the hang of and you don't have to use it much unless you join a group or competition. I am very happy with my purchase and would recommend!","https://www.trustpilot.com/reviews/69fce5978609dddae18c2d7c",""
"Trustpilot","DeerRun","April 25, 2026","1","Misleading order shipping times and inconsistent communication","Misleading order shipping times. You have to contact them as they will never let you know that their items are on a 1 to 2 month shipping delay. Then they make you wait up to 10 days to get your refund. This delay in shipping happened 2 times now, I thought the 1st time was just a mistake on their part but in reality this is their normal way of doing business. The walking pad itself seemed to be of decent quality. Further downgraded to a 1 a star..... Still waiting for my refund after they've told me that they issued it ....they haven'. The follow up emails just continued to contradict what the prior email states. This company makes nonsense. Update: 5/15/26 Apparently my order still hasn't been canceled and neither has my refund been processed. They sent me an offer for an $80 voucher to keep my order as the item is suddenly now available. They cleverly wrote on the bottom of the email that if I do not respond they will proceed with my order thus disregarding my cancellation request which has been sent multiple times. This brand is also owned by Joyfit Inc and they have a one-star review on trust pilot.","https://www.trustpilot.com/reviews/69fc78aaff9fc67abcfb08be",""
"Trustpilot","DeerRun","May 1, 2026","1","I had an extremely frustrating…terrible experience","I had an extremely frustrating experience dealing with DeerRun’s warranty and customer support process. My Z10 treadmill failed within the warranty period after developing a burning smell and completely shutting down during normal use. While the company eventually agreed to process a replacement/refund, the process took several days of repeated back-and-forth communication across email, phone, and chat support.Throughout the process, I received conflicting information regarding: - replacement availability, - preorder inventory, - alternative color options, - refunds, - and whether the treadmill was actually in stock. At the same time, the treadmill continued appearing online for preorder/purchase with shipping estimates shown, which made the entire situation even more confusing.I spent days trying to get consistent answers while my funds became tied up in refund processing, leaving me temporarily without a treadmill and unable to immediately order a replacement model.While support eventually clarified their exchange policy, the overall experience was stressful, time consuming, and handled far more poorly than it should have been for a straightforward warranty issue. I strongly recommend DeerRun improve its inventory transparency, warranty communication, and escalation process moving forward. UPDATE: Unfortunately, the situation has gotten even worse. After several days of repeated back-and-forth communication regarding my defective treadmill warranty claim, conflicting information about inventory/preorders, refunds, and replacement options, DeerRun has now canceled my most recent treadmill order despite the fact that I never authorized or requested cancellation of that order. I specifically contacted support asking what accommodations or assistance could be offered after the extensive inconvenience this process caused. Instead, my active order was canceled, once again leaving me without a treadmill entirely while my funds remain tied up in refund processing. At this point, what should have been a straightforward warranty replacement turned into: - conflicting information from multiple support channels, - preorder and inventory confusion, - delayed refund issues, - repeated escalation attempts, - and now cancellation of an order I did not ask to cancel. I have now formally escalated the matter through the Better Business Bureau and consumer protection complaint channels due to the continued mishandling of this situation. strongly encourage anyone considering purchasing from DeerRun to thoroughly research the company’s warranty and customer service process beforehand. UPDATE #2: The contradictions and confusion with DeerRun customer support are continuing. After previously being informed that my order had been canceled, I checked the DeerRun website and my account still showed the order as active/processing. Because of the ongoing confusion and frustration throughout this entire situation, I emailed support again to confirm whether the order had actually been canceled. I then received another contradictory response stating that the order had NOT yet been canceled, but that they “would” cancel it. At this point, the biggest issue throughout this experience has been the constant inconsistency between what different support representatives are saying regarding: - inventory availability, - preorder status, - refunds, - replacement handling, - and now even order cancellation status. What should have been a straightforward warranty replacement for a defective treadmill has turned into days of repeated conflicting information, delayed resolutions, preorder confusion, refund delays, and inconsistent communication across multiple support channels. I strongly encourage potential buyers to carefully research DeerRun’s customer support and warranty process before purchasing. May 19, 2026 final update after 68 painful emails multiple phone calls chat support conversations BBB complaints. Trust pilot update attorney general complaints and nearly a full month of back-and-forth communication. I finally received my refund ironically my bank informed me the refund that actually been credited on May 18 over 10 days after the refund was originally requested despite the constant confusion and contradictory information I continue receiving to be completely fair. The treadmill is great when it worked one of my biggest concerns was being instructed by two separate representatives to provide my banking information after I repeatedly explained I no longer have access to the original payment card despite being told this information was needed for the refund. They still ultimately sent it back to the card","https://www.trustpilot.com/reviews/69fc76265547aba1c8527dc7","Z10"
"Trustpilot","DeerRun","May 1, 2026","5","Affordable and good quality","Affordable and good quality. Doesn't take a lot of space.","https://www.trustpilot.com/reviews/69f928c7822b14e8b7596920",""
"Trustpilot","DeerRun","May 1, 2026","5","Quick delivery and easy setup!","Quick delivery and easy setup!","https://www.trustpilot.com/reviews/69f4d591902a954febba108d",""
"Trustpilot","DeerRun","April 27, 2026","5","Loving this product","Loving this product! You can even earn money while running when you join an event! 💰🏃‍♀️ #product #money #running #event","https://www.trustpilot.com/reviews/69f380393cac5e7425506675",""
"Trustpilot","DeerRun","April 26, 2026","5","Came in a timely manner","Came in a timely manner. Easy set up. Exactly what I was hoping it to be. I'm 5'9 i have a long stride, the Treadmill is perfect length and hight.Easy to use.","https://www.trustpilot.com/reviews/69f255e0640508d6e9744bde",""
"Trustpilot","DeerRun","April 29, 2026","5","I love my treadmill","I love my treadmill. Ordering was so easy and was awesome my insurance paid for it.","https://www.trustpilot.com/reviews/69f2395233a351ae89d69eaa",""
"Trustpilot","DeerRun","April 27, 2026","5","I like the treadmill","I like the treadmill, it arrived quickly! It is taking a little getting used to because the surface area is definitely smaller compared to a full size treadmill. The incline and speed are great. There is a blemish on the walking pad but it doesn't affect the usability of the product. Overall very happy with my purchase!","https://www.trustpilot.com/reviews/69f0fbf781a51b94863a48c1",""
"Trustpilot","DeerRun","April 24, 2026","5","Fast delivery","Fast delivery. Very well packaged and safe for delivery. Super easy set up.","https://www.trustpilot.com/reviews/69efc72b41ebe068ffcbd255",""
"Trustpilot","DeerRun","April 26, 2026","5","12 holes is perfect golf","12 holes is perfect golf, good vibes all around the place! Food is unreal aswell!","https://www.trustpilot.com/reviews/69ee56b853f3ec79cf81bb62",""
"Trustpilot","DeerRun","April 23, 2026","5","Easy to setup","Great buy! Easy setup!","https://www.trustpilot.com/reviews/69ee3166b362d3a434dd1fd7",""
"Trustpilot","DeerRun","April 22, 2026","5","Quick delivery","Quick delivery. Product well packaged. Love the color!","https://www.trustpilot.com/reviews/69ed6cb1a95e0f074f28cde0",""
"Trustpilot","DeerRun","January 6, 2026","1","This has been the experience from hell","This has been the experience from hell. They have been absolutely no help. Period to make matters worse I bought a second unit in hope to have a working unit.. And it’s been even more of a problem. I’ve contacted the BBB and all they do is say that they’re gonna do something but no one has ever done anything. I’m looking for a way to go above and beyond to make sure that no one else goes through this and that I am compensated for not one but two units that do not work and no replacement was sent.","https://www.trustpilot.com/reviews/69ea2149bec28209f41576da",""
"Trustpilot","DeerRun","April 19, 2026","5","Great company","Great company, great updates, I love the App for the treadmill!","https://www.trustpilot.com/reviews/69e76c37176c9cf6027ad976",""
"Trustpilot","DeerRun","April 18, 2026","5","My wife wanted it she use it every day…","My wife wanted it she use it every day easy to put together fast delivery.","https://www.trustpilot.com/reviews/69e40fca0df4eb700c9809ec",""
"Trustpilot","DeerRun","April 13, 2026","5","I ordered my Deer Run Walking Pad on a…","I ordered my Deer Run Walking Pad on a Thursday and received it on Saturday! Super fast shipping. I work remote and sit at a desk all day. I try to get up on my breaks and walk around the pool but it wasn't quiet cutting it. My walking pad is great! Seems sturdy. I've been using it for 2 days now and I'm finally meeting my steps goal, which I haven't done in a long time!!!","https://www.trustpilot.com/reviews/69de99749bbf3f939450a563",""
"Trustpilot","DeerRun","April 10, 2026","5","Ordering was easy","Ordering was easy. The product was as marketed. Love the colors of the Z10 and it works great! (Be patient when the box arrives as it took me about 20 min to unbox it on my own.)","https://www.trustpilot.com/reviews/69dd48af2feb4ff13fa2e6a4","Z10"
"Trustpilot","DeerRun","April 1, 2026","1","Cheap Junk machine, dishonest customer service","I purchased a treadmill Nov 12, 2025. I purchased the Z20 folding model to use for brief walking sessions during meetings because I work remote. I used the treadmill 15 times for no more than 1 hour at a time and no faster than 2.2 mph because I was afraid using it longer would overheat the motor. I observed all proper lubrication and adjustment steps as indicated by the manufacturer. On April 1, 2026 while in use the treadmill came to a violent halt and almost threw me into the rear wall. Smoke was coming out of the plastic housing (I assume from the motor) and now the belt does not move at all. Customer service has been apologetic but I still have yet to receive a refund and we are pushing 2 weeks now. It does not take that long to give me my money back for this defective unit!","https://www.trustpilot.com/reviews/69dbb2332e5c3983f3361f8b","Z20 folding model"
"Trustpilot","DeerRun","April 7, 2026","5","Purple treadmill","Was easy to order and set up I bought it for a friend I already have a treadmill she loves it and purple is her favorite color!!!","https://www.trustpilot.com/reviews/69dae2e8456c7c369d5d95e4",""
"Trustpilot","DeerRun","April 11, 2026","5","Easy to order","Easy to order and works as expected. I really love my walking pad and the accessories I've purchased.","https://www.trustpilot.com/reviews/69da98c1ef5f009f7ea7f881",""
"Trustpilot","DeerRun","April 9, 2026","1","Warning ⚠️ Part 2...Deerrun offered to…","Warning ⚠️ Part 2...Deerrun offered to refund my money yet again sighting because of my review. They decided to not refund me for shipping. I asked how do you charge me for shipping when you NEVER shipped the item to me? The answer, oh we didn't know and will make a note to refund to you. Seriously, it says I never received the item nor was it shipped to me on the account. Goodluck everyone. I would not chance it with this company.","https://www.trustpilot.com/reviews/69d828cce647d1b672fbb4fb",""
"Trustpilot","DeerRun","April 9, 2026","1","So my wife and I purchased our treadmil…","So my wife and I purchased our treadmil less than 60 days ago and as of this moment it no longer works it started to fail 2 weeks I to ownership keep getting the er-1 error code contacted deerrun customer service who to there credit without any argument said they would either refund us our money or send us a new unit which is great but the issue is we're out the time and energy spent trying to get this all done and now have to get ride of a broken treadmil and wait to find a replacement in the middle of trying to loose weight and get healthy it's very disappointing that the product turned out to be so bad","https://www.trustpilot.com/reviews/69d7bdfeac76e6a86d417360",""
"Trustpilot","DeerRun","April 3, 2026","4","Easy purchase","I saw the product on IG and became curious about it and its features. Next thing I know its in my living room doing everything it says it does. Its great.","https://www.trustpilot.com/reviews/69d501f394d6c9a782abb50a",""
"Trustpilot","DeerRun","April 3, 2026","4","Very easy process!","Very easy process! I really am so happy with the treadmill so far. It's been almost a week. The set up had a little hiccup, but the customer service was amazing.","https://www.trustpilot.com/reviews/69d4ec53702959befdf05db6",""
"Trustpilot","DeerRun","April 4, 2026","1","DO NOT BUY","I haven’t had it a month I’m going and it’s broken says it holds 350 lbs and I’m 255 lbs and the belt slides when I get on it and customer service is horrible they won’t return it and offered me $20 for the treadmill because I don’t have the original packaging really who keeps a huge box in there apartment I was so excited to get this treadmill and it was not worth the purchase I have been going back and forth with customer service through emails all day and it’s always someone different and each one says something different they need to get there return policies down and on the same page do not buy from them they can keep there $20 they offered me for the treadmill DO NOT BUY!!!!!!!","https://www.trustpilot.com/reviews/69d449813e56e786d51386ad",""
"Trustpilot","DeerRun","January 6, 2026","5","Good quality space saver & Customer Service Dept.","Efficient. Great Customer Service response.","https://www.trustpilot.com/reviews/69d3b70b814da930b27a380e",""
"Trustpilot","DeerRun","April 4, 2026","3","short walking space","I've had my Z10 walking paid for a few days and am considering returning it. The instructions to increase the incline don't seem to work, I end up just pushing buttons and eventually it starts to move. I am a shorter person 5'1"" and I find the walking pad length to be short. The unit is very heavy to move around. The brand I had before, I would just lift it up and set it against the wall when I wasn't using it. This one is a struggle for me to lift it up","https://www.trustpilot.com/reviews/69d2c4daf86d47621d370b17","Z10"
"Trustpilot","DeerRun","April 4, 2026","1","Treadmill broken","Treadmill broken, said was out of stock for a replacement. Im still waiting for my refund 3 weeks later and with over 45 emails!! Customer service do reply pretty quick but its the same repeated emails saying please be patient, or the refund is processing. I wanted to order another treadmill but I am put off completely now.","https://www.trustpilot.com/reviews/69d166bf2e294bec27492010",""
"Trustpilot","DeerRun","March 31, 2026","5","Bought with health FSA","I bought my deerrun walking pad using my health FSA. Deerrun made it super easy to get a letter of medical necessity. Deerrun partners with Truemed to get the letter of medical necessity. I was able to pay with my health FSA debit card on the Deerrun website. My walking pad shipped fast and was well packaged so that the walking pad suffered no damage during transport. My walking pad is such a huge upgrade. I love the 12% incline, it takes my walks to a whole other level. The walking pad remote has buttons for incline, speed, and on/off. The walking pad also has an app. I didnt like the app, but that is not a dealbreaker. Later my medical FSA provider Navia asked for the letter of medical necessity, and I was able to upload it to their website. The whole process was quick and easy. I would come back to deerrun in the future.","https://www.trustpilot.com/reviews/69d15ead4739f69340f5ae72",""
"Trustpilot","DeerRun","April 1, 2026","5","5* all around","5* all around. For around $350 it's incredibly well built. I have the A1 Pro Elite. It's rated for I believe 400lbs (I'm 330 and 6'4"") if your just doing some speed walking with or without incline it's incredibly nice. It came fully assembled. Would definitely recommend to anyone who is looking for a fast walk. I haven't maxed out the speed yet but it's long enough for shorter people to run on. The setup was so incredibly easy.","https://www.trustpilot.com/reviews/69cdd5a55117b7b5e7c601e5","A1 Pro Elite"
"Trustpilot","DeerRun","April 1, 2026","5","Easy set up","Both my walking pad and treadmill were easy to set up","https://www.trustpilot.com/reviews/69cd76e440450cf8b81d99ed",""
"Trustpilot","DeerRun","April 1, 2026","1","The deerrun treadmill I purchased for…","The deerrun treadmill I purchased for my son who is across the country, doesn't work motor is faulty. 😡😡","https://www.trustpilot.com/reviews/69cd4995095a9bfe4ef215ff",""
"Trustpilot","DeerRun","March 31, 2026","1","Chinese cheap scam","Chinese cheap scam; shipment comes from China; high chances of delayed delivery and unresponsive customer support, which is outsourced without proper English communication.","https://www.trustpilot.com/reviews/69cb8d517c062fe206235ff1",""
"Trustpilot","DeerRun","March 30, 2026","1","Order UK-DR41727","Order UK-DR41727 This item was collected and returned to you on 20th February Its is now 30th March as still no sign of my refund. I was promised on 27th Feb it would take 7-12 business days, promised again on 14th March it had been escalated and to wait another 7-12 business days. This expires today. I have called customer service this morning to complain. I'm expecting another email to ask me to wait another 7-12 business days. Just please give me my money back its simple. I have contacted the Citizens advise today and they have advised to contact the Financial Ombudsman. Lets see if that gets us anywhere. You have my details just process the refund","https://www.trustpilot.com/reviews/69ca53892719c7561ce2a484",""
"Trustpilot","DeerRun","March 29, 2026","2","Terrible customer service","After a few months the remote stopped working. Rather than sending me a replacement they made me purchase a new remote. After 3 weeks I followed up and it had not even been shipped and they needed photos of the walking pad but never asked. It has since been 2 more weeks and the remote still has not shipped. Just abysmal customer service and a poor customer experience","https://www.trustpilot.com/reviews/69c9404222f20c7b85226943",""
"Trustpilot","DeerRun","March 26, 2026","3","I was disappointed when I was…","I was disappointed when I was originally mislead on the lead time for delivery of the treadmill. After I did receive the treadmill and set it up. I couldn't get it to pair with my Android phone. Then I also wasn't able to access the PitPat app. I called and spoke to 3 different people each time. I had to make the decision to get a refund, so I packed it back up and sent it back. The good part of this experience was Deer Run did refund my money within a week of receiving it back.","https://www.trustpilot.com/reviews/69c66851426e8c9501ccaabe",""
"Trustpilot","DeerRun","March 21, 2026","5","My new treadmill is really working out…","My new treadmill is really working out for me. What an easy setup, and instantly works. Light enough to move around if needed. Had a couple questions for the customer service team and they were quick with an answer. Truly a pleasant experience.","https://www.trustpilot.com/reviews/69c0b2e50b2a02b7d846acd7",""
"Trustpilot","DeerRun","February 23, 2026","5","Deer run has outstanding customer…","Deer run has outstanding customer service! The A1 Pro treadmill is sturdy, holds 350 lbs and runs extremely quiet and smooth. Anyone would be extremely happy with this low cost high quality treadmill that is very nice to look at as well! I will be buying another DeerRun treadmill for my basement! That’s how amazing their product is! Delivery was quick and easy installation","https://www.trustpilot.com/reviews/69b492d483544f1cf0a02088","A1 Pro"
"Trustpilot","DeerRun","March 11, 2026","1","POOR CUSTOMER SERVICE!!!!!!!!!!","POOR. VERY POOR Customer service. I dont recommend this merchant. My refund took forever for them to process. Until now I haven’t got my refund. I cancelled a month ago. I’m trying to get the item instead but there is no feedback yet. VERY POOR CUSTOMER SERVICE. Don’t buy here. You will waste your time and expectations.","https://www.trustpilot.com/reviews/69b182c6e0ca2a5ca86f8793",""
"Trustpilot","DeerRun","February 2, 2026","4","Treadmill and table","I have only had my treadmill for a few days. I will say it’s very convenient because of the size. I bought a table to go along with it because I wanted to work, read or watch tv while walking. I also wanted the stability it offered. My complaint with the company is the amount of time it took me to receive the treadmill. The table came quickly but I waited 5 weeks for the treadmill when told it would come sooner. I tried multiple times to contact the company for more information but I didn’t receive a response. I was ready to call my credit card company and report the charge on my account since I hadn’t the treadmill.","https://www.trustpilot.com/reviews/69b007cfb03206642e40bc00",""
"Trustpilot","DeerRun","February 26, 2026","1","READ THE REAL REVIEW","CHECKED ON BUSINESS BUREAU, SO MANY COMPLAINT FOR THIS COMPANY! It’s my mistake not to read the TRUSTPILOT in the first place. Do NOT buy from this company I ordered a treadmill on Feb 27, on Feb 28 i read the reviews from the TrustPilot, March 1st i cancelled my order. The 1st response: We have escalated your order cancellation to the assigned team. Please allow 7 to 12 business days for the refund to be credited back to your account. We sincerely apologize for any inconvenience this may have caused and appreciate your patience during this process. If you have any questions or need further assistance in the meantime, please don’t hesitate to reach out. Kind regards, Michelle March 3rd, they want me to wait. I waited and all I received was a power cord and a mat. The actual treadmill? Never showed up. Since March 1st I have repeatedly asked to cancel my order. Every single time I’ve been brushed off with excuses and empty promises. No resolution. No accountability. Just wasted time and frustration. Their customer service is an absolute joke. Nobody takes ownership, nobody follows through, and nobody seems to care that I paid for a product I never received. I’ve now had to dispute the charge with my credit card company just to get my own money back — something this company should have handled weeks ago. Save yourself the headache. Buy your treadmill anywhere else.","https://www.trustpilot.com/reviews/69af154c9a1cfd623b667d1c",""
"Trustpilot","DeerRun","March 8, 2026","5","very simple treadmill","Originally i was going to get the 2-in-1 treadmill but i ended up getting the walking pad instead. i’ll say it was pretty weird not having anything to hold on to but im sure it’s something i’ll get used to. it’s not really that hard to set up, you just download the app pitpat and then after you finish setting up, which doesn’t take that long, you can just use the remote and be on your own. though i will say if you need help, the app is very helpful because you’re in a community with new users and they can help you or you can help them and customer support is also located in the app. didn’t need it yet and i hope i don’t, but so far i have no complaints for this walking pad.","https://www.trustpilot.com/reviews/69adf82890df95813cf33a3e",""
"Trustpilot","DeerRun","March 1, 2026","5","Great treadmill","Great treadmill. Was to easy to get started. Very easy to use.","https://www.trustpilot.com/reviews/69adca72204d0153739fd0a5",""
"Trustpilot","DeerRun","March 4, 2026","5","Very satisfied with treadmill","Very satisfied with treadmill. Delivery was fast and setup was easy. I’m looking forward to my daily walks inside away from the weather and at my convenience.","https://www.trustpilot.com/reviews/69adb589d91fb7ab5fa76819",""
"Trustpilot","DeerRun","March 1, 2026","5","it seems to work just fine for what i…great walk","it seems to work just fine for what i need","https://www.trustpilot.com/reviews/69ad9daa4319a39e82cef0bc",""
"Trustpilot","DeerRun","March 6, 2026","1","Ordered the Z10 Pro Muse","Ordered the Z10 Pro Muse. What a huge disappointment. First you have to download PitPat app. Connect to Bluetooth before it will work. Used 1 time and now get Er 1 message and it won't work. Contacted customer service and got the run around. Have requested two times to return and get my money back and now they say their support team will get back to me.","https://www.trustpilot.com/reviews/69ad91cf52c380d7f3f65086","Z10 Pro Muse"
"Trustpilot","DeerRun","March 5, 2026","3","It's tooooo noisy","It's tooooo noisy. I've been looking for ways to disable it. Why just why","https://www.trustpilot.com/reviews/69acaff7983d8fd071b54805",""
"Trustpilot","DeerRun","March 3, 2026","5","R1 pro rower 2026","I purchased the R1 pro rowing machine.new for 2026 without realising it was on a pre order status.the ""shop app""was absolutely useless for me as it showed no information on my purchase.so i contacted deer run and immediately got a nice response assureing me of a ship date.and recieved my rower before that date.customer service was great.im impressed with the quality and build with one exeption.the wheels on slide seat are a bit wobbly.the packaging was top notch.great machine,looking forward to home exercising with it.*****","https://www.trustpilot.com/reviews/69ac122ba2e81e9391e7ee47","R1 Pro"
"Trustpilot","DeerRun","March 6, 2026","1","The machine does not come ready tu use","The machine does not come ready tu use. The walking pad/line will move and you can’t get it back to the center, you need to be really strong to screw/unscrew to adjust walking pad. Not made for someone who is starting a weight loss journey. Just getting it set up as taken all of my morning and it is still not adjusted. Walking pad just have came ready to use. It just be centered at warehouse.","https://www.trustpilot.com/reviews/69ab0e3c2a9ca4e28d1e455d",""
"Trustpilot","DeerRun","March 5, 2026","5","My inclined walking pad works great.","My inclined walking pad works great.","https://www.trustpilot.com/reviews/69aa52568d36338ac684662d",""
"Trustpilot","DeerRun","March 4, 2026","1","Refund promised after safety issue — but never issued","STAY AWAY!! The walking pad I purchased began overheating and almost caused a fire in my home, which is why I contacted their support in the first place. Their team replied and confirmed in writing that my refund had been coordinated and that no return was required. However, the refund never arrived. I contacted Amazon and they confirmed no refund had ever been processed. When I went back to DeerRun with this information, they simply redirected me back to Amazon and refused to resolve the issue. So the situation is simple: A potentially dangerous product, a refund promised in writing, and then no refund issued. Because of this experience, I would strongly advise customers to be extremely cautious before buying from DeerRun, especially if you expect reliable customer support when something goes wrong.","https://www.trustpilot.com/reviews/69a9a92227e5faa0da0cb3fb",""
"Trustpilot","DeerRun","March 4, 2026","5","s tier company and products!","my first purchase from deerrun was an exercise bike, and i just finished assembling my recent purchase, the rowing machine! quick shipping, immaculate packaging with detailed instructions and a beautifully organized display of assembly supplies. i am always going to be a return customer of this company, because the quality and attention to detail from shipping to final assembly is there consistently. i am a busy parent of four toddlers aged 4 and under, and i was able to assemble both the exercise bike and this rowing machine during nap time WITH time to spare to try it out. oh, and thank you so much for making the power cord compatible with both machines. that minor detail makes all the difference. i can't wait to see what new products come next! thanks for being such a solid company 💕🙏","https://www.trustpilot.com/reviews/69a8b30606fa3e0a1feca3e2",""
"Trustpilot","DeerRun","March 3, 2026","5","Great product","We received our treadmill in just a few days. Great service. I bought this as a gift, and my daughter loves it!!","https://www.trustpilot.com/reviews/69a8a4ef7159f26c433d6f78",""
"Trustpilot","DeerRun","February 28, 2026","5","I was thrilled with the discounts I…","I was thrilled with the discounts I received! I do enjoy the treadmill immensely, and how it is designed. It’s not too big and scary and it fits me well for my woman size. I can get on and off without feeling like I will fall! The only problem that I faced was… Getting the treadmill started for the first time! I had to deal with PitPat, that was very frustrating for me! I would have rather that it turned on right away. I ended up having to call and get some kinks worked out…","https://www.trustpilot.com/reviews/69a5fe3cd8d70daa8220eea6",""
"Trustpilot","DeerRun","February 25, 2026","5","My item is BEAUTIFUL.","It's way better in person than on the pictures. It comes with a remote control & it was so simple to put together. (Just plugged it in with the removable cord). I think it's the perfect size!(: I sent the photo to my mom & now she wants one too. 😊","https://www.trustpilot.com/reviews/69a4054786a06a500a494ab0",""
"Trustpilot","DeerRun","February 27, 2026","5","So far so good","So far so good, took four days from order to delivery, used it for the first time this morning. It is exactly what I thought it would be, not an expensive treadmill but I’m just looking for steps and build up my strength after a long exhausting illness.. if it breaks I’ll toss it, the price makes it disposable !!","https://www.trustpilot.com/reviews/69a1df91ae0918f7f02ad57c",""
"Trustpilot","DeerRun","January 27, 2026","5","Great Customer Service","I ordered a walking pad a few months ago, didn't really do much research, it worked fine, but I soon realized I needed something with more features. When I called to talk about my options the support was wonderful. Because I kept the original packaging, I was able to send back the walking pad and then order an upgraded treadmill that met all my needs, and still take advantage of the great sale going on. The price is really reasonable and the treadmills/walking pads work great. Living in the Northeast in the winter, being able to keep active indoors is really important to me, and this helps me stick to my goals. Highly recommend!!","https://www.trustpilot.com/reviews/69a1d19179c54ee4164f33b8",""
"Trustpilot","DeerRun","February 3, 2026","1","Order never shipped despite multiple promised dates","I ordered a walking pad on February 3rd with a guaranteed ship date of February 14th. After that date passed, the company repeatedly gave me new shipping estimates—February 22nd, then February 24th, then “2–3 business days,” and later “3–7 business days.” None of these promises were met. Their emails show the same pattern each time: apologies, a new date, and a request to wait longer. After weeks of delays and no shipment, I filed a dispute with my credit card company. Only then did they agree to cancel the order and said a refund would take 7–12 business days. Based on my experience, I would not recommend ordering from this site.","https://www.trustpilot.com/reviews/69a1b3428a562641c6785f25",""
"Trustpilot","DeerRun","February 25, 2026","1","Ordered this on Boxing Day","*shipped as of yesterday. Awaiting arrival* *must really be careful with ordering pre order as I’ve waited three months to get this and it’s finally on its way* Ordered this on Boxing Day. As it stands, I still haven’t received it. Apparently it was a pre-order and was due to ship Feb 15. Now it’s been pushed back to march 15. It’s starting to feel like a scam honestly. So much for spending the cold dark winter months staying active at home.","https://www.trustpilot.com/reviews/69a0414ee0fae3ba7e4801a0",""
"Trustpilot","DeerRun","February 25, 2026","5","Delivery was excellent","Delivery was excellent. The product seems great . Very smooth when walking great quality","https://www.trustpilot.com/reviews/699fa40583c026b58709637a",""
"Trustpilot","DeerRun","February 16, 2026","5","The ease of selecting the product.","The ease of selecting the product.","https://www.trustpilot.com/reviews/699f73cbabe7888a878fd393",""
"Trustpilot","DeerRun","February 23, 2026","1","Rude customer service","Rude customer service. Also, you will not receive your order at all.","https://www.trustpilot.com/reviews/699da725f730de265c0d9d82",""
"Trustpilot","DeerRun","February 23, 2026","5","Quick and friendly response","Quick and friendly response to my questions and helped me get the correct remote for my treadmill.","https://www.trustpilot.com/reviews/699d1062634955d1568c0b2c",""
"Trustpilot","DeerRun","January 26, 2026","1","I accidentally ordered one of Deer…","I accidentally ordered one of Deer Run’s walking pads and reached out immediately to cancel the order. Their customer service confirmed the cancellation and assured me I would receive a refund. I thought the issue was resolved. Two weeks later, I suddenly received an email saying my order was “ready to ship.” Confused, I contacted them again. After going back and forth — and practically having to twist their arm — they finally agreed to contact FedEx and have the package returned to their warehouse. FedEx confirmed that someone at Deer Run’s warehouse signed for the package. Despite that, Deer Run is now asking me to provide the tracking information for a return that they initiated and they received. It makes no sense and shows a complete lack of accountability. This has been one of the most disappointing and dishonest customer service experiences I’ve ever dealt with. A company should not make the customer fix their internal mistakes, especially after confirming a cancellation and refund. I would strongly caution anyone considering purchasing from them.","https://www.trustpilot.com/reviews/699b522a87cc2d46b7ebaf55",""
"Trustpilot","DeerRun","February 17, 2026","1","Terrible customer service & Dishonest","Update #4- Finally received another email however, they are trying to put me off again for another 7-12 days. At this point I am going to dispute it on my credit card. I emailed them back asking why they are putting off my refund AGAIN, waiting on a reply which I don’t expect. Total dishonesty Update#3 March 5th - Have heard nothing from them. Refund should have been here by now. I am contacting them AGAIN. Update #2 March 1st - 8 days later, still no refund Update #1 Feb.22nd - Customer support did respond (2 days after my initial email) with an offer of a full refund, which I am accepting. However, it has not been long enough to know if that will happen. I will update the response time for the refund when I receive it. I am extremely disappointed with both the product and the company's customer service. I have owned the Z10 Pro for exactly 12 days. It suddenly began emitting a beeping sound and displayed an ""ER 1"" error code. I immediately contacted customer support and was instructed to email a photo of the error code along with my delivery number. I was told to expect a response within 24-48 hours. 48 hours later, I have not received a response-nor even a confirmation that my email was received. To make matters worse, the one-star review I posted on their site yesterday has not appeared, which raises serious concerns about transparency. When a customer not only spends approximately $400 on a machine, but waits an extended 3 weeks past the arrival date, a delayed email response is not an acceptable level of support—especially for equipment that becomes unusable due to an error code. There should be accessible, real-time technical assistance available to resolve issues promptly. Additionally, I waited over four weeks for delivery after being told the unit would arrive within one week. Given the shipping delay and now the lack of support, I am not willing to endure another extended wait for replacement parts, another unit, or further troubleshooting. I understand that things happen and would be completely fine with that had they had an acceptable response team. But no response is terrible. Customer service, it's actually no customer service. Since I have owned this machine for less than two weeks and cannot get a response from the company, I am seriously considering disputing the charge with my credit card provider and reporting to the BBB. Not being able to use the machine for a couple of days is one thing but not knowing when (or if) this will be taken care of is another. I need this to exercise as required for my therapy. It is winter and I cannot get outside. Buyer Beware","https://www.trustpilot.com/reviews/699b05b57a8828b7f835b429","Z10"
"Trustpilot","DeerRun","February 21, 2026","1","Responding to review nick DeCillis","Hello I recently wrote a review on here and you asked me to reply with my email and order #. I cannot put my email on trust pilot it doesn’t Allow me too, however it is the same as my full name on this website. Me order number is #D407637 Hopefully you can help me I’m very disappointed in both how I’ve been treated as a customer and your lack of customer service representative/active supervisors you have working.","https://www.trustpilot.com/reviews/699a852996689cb3dfc5ec8f",""
"Trustpilot","DeerRun","February 11, 2026","4","It was an easy purchase and quick…","It was an easy purchase and quick shipment","https://www.trustpilot.com/reviews/699a53880cceeb52c2b7fd13",""
"Trustpilot","DeerRun","February 21, 2026","1","Only because I can’t select 0 stars","Only because I can’t select 0. Absolutely worst support experience ever! Dealing with customer service is frustrating and aggravating. Full week of back and forth before getting a return label. My return delivery was refused at 1st attempt a week ago, “scheduled for delivery at later date” Of course delaying refund even longer. Will not be purchasing upgraded model as was my 1st intention, but purchasing another brand.","https://www.trustpilot.com/reviews/699a247833bac9eb44b212cd",""
"Trustpilot","DeerRun","February 19, 2026","5","Communication","I was informed there was a possibility of being shipped/delivered the end of this month. It is rare to receive communication from a vendor if something ordered was going to be late. Keep up with the communication.","https://www.trustpilot.com/reviews/69976dac65ebab94bb1520aa",""
"Trustpilot","DeerRun","January 6, 2026","1","They never sent the product ordered and…","They never sent the product ordered and in addition they are arguing stating the one they sent is correct when the box nor the Treadmill has Deer run logo nor the model any where shown either on the box or on the tread mill","https://www.trustpilot.com/reviews/69954e8c9787afc9213c8a27",""
"Trustpilot","DeerRun","February 14, 2026","1","I have had it for about 3 months and…","I have had it for about 3 months and use it semi daily. Seems to work well. Not high end equipment but decent for price point. My issue is it arrived with a broken wheel (the one used to move it when folded). Contacted customer service and was advised I need to take pictures and forward them or I could receive a small refund credit. Cumbersome. I opted to find an aftermarket wheel on my own. Couldn’t do. A month or so later called customer service and asked for replacement wheel (offered to pay for it). 3-4 weeks now and no response. Terrible customer service. This arrived with basic info but no parts list (even inexpensive barbecues have a parts list). 1 star review based on poor customer service.","https://www.trustpilot.com/reviews/69909970bdbf000315fab858",""
"Trustpilot","DeerRun","December 31, 2025","1","UPDATE: I did receive a full refund. Originally I only got credit for the machine, but after requesting additional for the cord, I received as well. I bought the new foldable version and…","I bought the new foldable version and bought direct from the company. When I unboxed it, it wouldn’t open all the way. I sent pictures, emailed and called for several weeks before the finally agreed to return it. However I am still waiting for that return, and god knows how long it will take to get a refund. If I could give less than a 1 star I would. I am about to go to the Better Business Bureau to report the lack of service","https://www.trustpilot.com/reviews/6990759b01a9662215d8d651",""
"Trustpilot","DeerRun","December 18, 2025","1","Order from them in December","Order from them in December, promised delivery before Christmas. Not tracking details sent but wasn’t too fussed as didn’t particularly need it before Christmas. I sent an email on 30 Dec because I hadn’t heard anything and hoped I would hear something at the start of the new year. A month after order I had still heard nothing so I raised a complaint via PayPal. They heard nothing back and on 22 Jan of Jan PayPal settled in my favour and issued a refund having heard nothing from the company. 13 Feb I get a response from the company to the email I sent in Dec saying my order had been cancelled. What a joke.","https://www.trustpilot.com/reviews/698f59b0918d0fdb6cfff2a6",""
"Trustpilot","DeerRun","February 12, 2026","5","This is the walking pad I was looking…","This is the walking pad I was looking for. Portable, easy to use. When I put an order in, it said pre order and would be processed in 3-4 days. The fact It delivered to my house in 4 days. Very great service!","https://www.trustpilot.com/reviews/698f5433908554eaa1d29c71",""
"Trustpilot","DeerRun","February 12, 2026","5","Feels like an ethical company.","My package came all in one piece with all of the accessories and equipment I needed. Super easy to use with an easy-to-understand manual for future reference in case of any troubleshooting, maintenance, etc. I also appreciate the frequent encouragement of contacting customer service in the case that there is an issue. Although, not sure how customer service actually operates, and hopefully I won’t have the need to (lol).","https://www.trustpilot.com/reviews/698e952861ff7882ed3a9a5e",""
"Trustpilot","DeerRun","February 12, 2026","4","I just started using this machine","I just started using this machine. I’ve heard great things about this machine and I hope I have a similar experience. I got on it and used for a few minutes when I received it and so far I am impressed.","https://www.trustpilot.com/reviews/698e3ba7368add96bc07ae57",""
"Trustpilot","DeerRun","February 10, 2026","5","Excellent product, I love the quality","It was an excellent purchase, it arrived super fast, it was easy to assemble, and I'm already super excited to start using it. It's also of excellent quality.","https://www.trustpilot.com/reviews/698b785c53bf717b72fb2d76",""
"Trustpilot","DeerRun","February 7, 2026","1","Malfunctioning Deerrun Treadmill AS03","I purchased a Deerrun Home Treadmill AS03/ A1 Pro from the TikTok shop on December 20, 2025. I received it on December 23, 2025. After about a month of use the belt began to vibrate while in motion and a burning smell was present. I troubleshoot by adjusting the belts to make sure they were centered correctly, and added some oil to make sure that it the belt runs smoothly. I made sure that the belt was NOT over tightened. The treadmill still operated with a vibration motion while in walking use and still had a burning smell. I contacted the customer service on Saturday February 7th, 2026. I told the customer service representative what I did to troubleshoot the situation and about the smell of something burning.. He, the customer service representative advised me to send this email to support and to no longer use the treadmill. I am on a monthly payment plan to pay for this equipment. I am a senior citizen who has some mobility issues and therefore had to get someone to assist me in the troubleshooting. I truly need a replacement in order to continue my daily therapy to help in my mobility asap. I have sent 2 emails and have not gotten a response. Your immediate response and resolution to this problem is greatly appreciated.","https://www.trustpilot.com/reviews/698b781d2963c83636dca2b0","AS03 / A1 Pro"
"Trustpilot","DeerRun","February 9, 2026","5","Great","Transparent, honest, quick responses, great product","https://www.trustpilot.com/reviews/698a35fe55338d3e54417335",""
"Trustpilot","DeerRun","February 9, 2026","5","Shipping was quick, Products are true.","Shipping was quick, and ordering using an FSA card / account was wonderful. Their products themselves are well made and true to advertisement. I look forward to seeing what other products they come out with.","https://www.trustpilot.com/reviews/6989e13fa23fecc1747a0937",""
"Trustpilot","DeerRun","February 8, 2026","1","Stay away from this company","Ordered a walking pad from this company. Upon arrival is was very obvious it had already been used. The pad was dirty and marked up. There was a rectangular on the device that said “scratch off here to try and win win xyz” and it was already scratched off. The device only turns on with the remote control and not the electronic pad on the device itself. And yet it took six weeks and SO MANY emails to finally get a refund. Such bad business practicesz","https://www.trustpilot.com/reviews/6988f6ea152d5b3950bb93fc",""
"Trustpilot","DeerRun","February 1, 2026","3","The seat cover is tearing","The seat cover is tearing. It could have been made out of better material.","https://www.trustpilot.com/reviews/6988c57140fb461cb626ead3",""
"Trustpilot","DeerRun","February 1, 2026","1","I have made two seperate orders, unresponsive service","I have made two seperate orders. The first order was for a walking pad. I ordered this and was given no information on shipping, or when it would arrive. I followed up with the DeerRun by email about two weeks later, no response. I then called and was told it was backordered and it would be sent out soon. It eventually arrived. I was told I would receive a $15 courtesy refund for this item over one month ago and have not received this despite repeated inquires. I made a second order of a pad for this walking mat. I was told it shipped over one week ago but have had no update on this nor is the tracking working yet I have been asked to review several times. This seems to be a trend and I hope others have a better experience. The walking pad seems of good quality however the shipping and communication with the company is very poor.","https://www.trustpilot.com/reviews/6988af8dc882338280854746",""
"Trustpilot","DeerRun","February 5, 2026","5","Fast delivery worth the wait","Fast delivery worth the wait","https://www.trustpilot.com/reviews/69866c8b40905e8215ff7f5e",""
"Trustpilot","DeerRun","February 6, 2026","5","product was delivered on time on the…","product was delivered on time on the date I was provided","https://www.trustpilot.com/reviews/69864f45d1c2e76fed21c656",""
"Trustpilot","DeerRun","January 18, 2026","1","This has been the worst experience Ive…","This has been the worst experience Ive ever had buying something online. I bought the deer run treadmill on December 26th. It was delivered on January 17th. I set it up on January 18th and used it less than 3 minutes. It shot sparks & had a horrible burning smell. It jerked to a stop and then the belt suddenly started going as fast as it could. Thankfully it was me and not someone older because I had to hurry up and jump off. I immediately called deer runs customer service. They wanted a video of what the treadmill was doing. I was hesitant to plug it back in due to the burning smell but I also wanted them to see what the treadmill was doing. I plugged it back in and a normal treadmill will have the belt start out slow. This treadmill did a count down from 3 and then started going as fast as it could. I tried hitting the control buttons to slow the machine down and then the one to stop the machine and they werent working. I then sent the email with the video and was asked if I wanted a refund or replacement. I wanted a refund. I never heard anything back so I emailed again on the 20th. I finally heard back on the 26th saying I would receive a refund in 7 business days. I still havent received the refund. Not only am I out almost $300 but now I have to dispose of the treadmill that will cost me even more money. They didnt want nor would send me a return ticket to send it back. I will NEVER buy from this company again or recommend it to anyone.","https://www.trustpilot.com/reviews/698410ed746e0d28d9599c08",""
"Trustpilot","DeerRun","February 4, 2026","1","Shipping was a nightmare with lots a…","Shipping was a nightmare with lots a delays. Email communication sucks. Tried to cancel my order before shipment and they wouldn’t allow it","https://www.trustpilot.com/reviews/6983777a863131339f113248",""
"Trustpilot","DeerRun","February 3, 2026","5","Great product! Worth the purchase!","I was shocked that my HSA was able to purchase this! Shipping was fast! From choosing the right product, to getting the product was easy! Set up was simple! I do want to share if you don't balance easily your best purchase would be the one with the handles!","https://www.trustpilot.com/reviews/69829780933d9a1d14e57a9c",""
"Trustpilot","DeerRun","February 3, 2026","5","It was easy to order through the…","It was easy to order through the website. It arrived within 3 days of ordering it. Easy to set up.","https://www.trustpilot.com/reviews/698288446d9c67fe3ab13949",""
"Trustpilot","DeerRun","December 29, 2025","1","Non Working Cycle","So I purchased a Deer Run Cycle for Christmas. I received it, nice pink color but that’s the only thing nice about it. The PitPat app wasn’t working and come to find out I needed the power cord that was suppose to in the box, was never included. I even asked customer service was one suppose to come with it and she told me no. Well that was a lie because I then emailed customer service and they stated yes and sent a replacement. Unfortunately, when I plugged it up, the bike still doesn't work. I am now asking for a full refund or a replacement so I will not be throwing my money away. Of course they want videos and pictures to prove my point. I will never order again.","https://www.trustpilot.com/reviews/69826763930c09edbc58f64f",""